{
  "rte": {
    "Teacher (BERT-base)": {
      "accuracy": 0.6714801444043321,
      "precision": 0.6709129511677282,
      "recall": 0.6683572100805186,
      "f1": 0.6685600830999434,
      "avg_inference_time_ms": 103.97491190168593,
      "gpu_memory_mb": 1432.923828125,
      "num_parameters": 109483778,
      "model_size_mb": 417.64746856689453,
      "confusion_matrix": [
        [
          106,
          40
        ],
        [
          51,
          80
        ]
      ]
    },
    "Student (w/o Distillation)": {
      "accuracy": 0.48375451263537905,
      "precision": 0.48626315789473684,
      "recall": 0.4863536547108648,
      "f1": 0.483512184945171,
      "avg_inference_time_ms": 32.689306471082894,
      "gpu_memory_mb": 1216.923828125,
      "num_parameters": 66956546,
      "model_size_mb": 255.41895294189453,
      "confusion_matrix": [
        [
          64,
          82
        ],
        [
          61,
          70
        ]
      ]
    },
    "Student (Distilled)": {
      "accuracy": 0.5342960288808665,
      "precision": 0.5345933263816476,
      "recall": 0.5346909965492,
      "f1": 0.5340774255799094,
      "avg_inference_time_ms": 32.669875356886116,
      "gpu_memory_mb": 1216.923828125,
      "num_parameters": 66956546,
      "model_size_mb": 255.41895294189453,
      "confusion_matrix": [
        [
          77,
          69
        ],
        [
          60,
          71
        ]
      ]
    }
  },
  "mrpc": {
    "Teacher (BERT-base)": {
      "accuracy": 0.8406862745098039,
      "precision": 0.8236003861003861,
      "recall": 0.7980745186296574,
      "f1": 0.8086234890853328,
      "avg_inference_time_ms": 66.59144621628982,
      "gpu_memory_mb": 1433.548828125,
      "num_parameters": 109483778,
      "model_size_mb": 417.64746856689453,
      "confusion_matrix": [
        [
          88,
          41
        ],
        [
          24,
          255
        ]
      ]
    },
    "Student (w/o Distillation)": {
      "accuracy": 0.6838235294117647,
      "precision": 0.6201923076923077,
      "recall": 0.6000250062515629,
      "f1": 0.6041962774957699,
      "avg_inference_time_ms": 33.490089269784775,
      "gpu_memory_mb": 1217.548828125,
      "num_parameters": 66956546,
      "model_size_mb": 255.41895294189453,
      "confusion_matrix": [
        [
          48,
          81
        ],
        [
          48,
          231
        ]
      ]
    },
    "Student (Distilled)": {
      "accuracy": 0.6691176470588235,
      "precision": 0.6224637681159421,
      "recall": 0.626781695423856,
      "f1": 0.6242401915638238,
      "avg_inference_time_ms": 33.644373600299545,
      "gpu_memory_mb": 1217.548828125,
      "num_parameters": 66956546,
      "model_size_mb": 255.41895294189453,
      "confusion_matrix": [
        [
          66,
          63
        ],
        [
          72,
          207
        ]
      ]
    }
  }
}